{"logitech_webcam":{"rot":[0.05502324178814888,-0.014277920126914978,0.9447538256645203,-0.30724358558654785],"trans":[0.25452539324760437,1.1800320148468018,1.9625377655029297]}}