{"logitech_webcam":{"rot":[0.016082942485809326,0.18340541422367096,0.977870762348175,-0.1547214835882187],"trans":[0.110488161444664,1.4771296977996826,1.7394312620162964]}}